id	text
1	有一天，程序员喝咖啡时突然感叹：“我真希望我的咖啡像我的算法一样，能自动调节浓度！”朋友笑着说：“那你可得小心，别喝成‘死循环’！”
2	有一天，牛油果坐上了宇宙飞船，结果它发出了声音：“我这一飞就像是在做沙拉！”宇航员说：“没关系，我们下次去火星，顺便烤个牛油果披萨！”
3	有一天，一个机器人看到了一根香蕉，问：“你为什么总是弯着？”香蕉回答：“因为我怕被你吃掉呀！”机器人笑了：“别担心，我只会吃数据！”
4	有一天，小明去海边度假，看到一个胖子摔倒了，他说：“这就是重力的假期，每次放假都要把人抛回来！”
5	有一天，独角兽收到一封信，上面写着“请在截止日期前送达”。它迷茫地说：“我这翅膀都飞到天上了，谁来帮我填个表！”
6	有一天，椅子上网查资料，突然发现自己被称为“家具界的网红”。它自豪地说：“我可不是普通椅子，我可是互联网的‘坐’标！”
7	有一天，天上飘来一朵云，看到我吃披萨，就问：“你为什么不分享？”我说：“因为这披萨比你要厚，多了也不怕！”
8	老师问：“同学们，仓鼠有什么特点？”小明回答：“它们特别会跑！”老师又问：“那你们呢？”小明说：“我们也能跑，但跑得比仓鼠慢多了，都是因为作业太沉！”
9	有一天，土豆对镜子说：“你真会反射，我每天都在这里看自己，真想变得像你一样光滑！”镜子回答：“那你得减肥，不然我就成你的小肚子了！”
10	有一天，流星划过天际，旁边的叉子说：“我也想飞，但我只会在盘子里转圈！”刀子忍不住笑：“你只能当个‘飞叉’！”
11	看来小熊猫不仅会吃竹子，还懂得“享受生活”的艺术！
12	看来章鱼不仅会“听”声音，还能“穿”上时髦的皮肤时装！
13	看来猫咪真的是“书呆子”，连守卫书籍都得亲自上阵了！
14	看来下次复习得先看个喜剧，免得记忆像我的钱包一样总是瘪！
15	看来AI也在探索“反向烹饪”的新境界！
16	看来蜜蜂的智商已经快要超过我们了，未来的世界杯得考虑它们了！
17	看起来他是想用三明治兑换一段美味的地铁旅程！
18	看来火星的沙尘暴比我们地球的天气预报还要不靠谱啊！
19	看来这位大哥真是“羊驼”了，不仅自己卡了，还带着充气的“朋友”一起享受山洞的生活！
20	这青蛙的叫声让人怀疑，它是不是在为玩具店代言呢！
21	有一天，企鹅跟朋友说：“我买了个马达，准备去南极旅行！”朋友好奇：“那要马达做什么？”企鹅笑着说：“当然是加速滑冰，谁没事儿想在冰上慢悠悠呢！”
22	有一天，外星人骑着自行车在星球上兜风，忽然摔了一跤，大喊：“地球人真不容易，连骑车都要看星座！”
23	有一天，火龙果坐上了飞机，突然它对旁边的乘客说：“我真希望能飞得像我长得一样火！”乘客笑着回答：“那你得加点马力，不然只会变成‘火’灾！”
24	有一天，月亮对地球说：“我想吃个汉堡。”地球回应：“你在这儿等，我去找厨师。”“可是我等多久了？”月亮叹气：“我已经被你拖到满月了！”
25	有一天，我的电脑突然崩溃，我急得像在暴雨中没带雨伞。结果它重启后，竟然给我弹出一个提示：“别担心，我也只是一把雨伞，撑不住！”
26	有一天，机器人在外面走，突然下起了雨。它慌忙打开雨伞，结果被雨滴打傻了：“我以为我是防水的，没想到我其实是防雨的！”
27	有一天，小狗抬头看着天空说：“主人，你说卫星能听懂狗语吗？”主人回答：“应该能吧，它可是围着地球跑的，听得见任何声音！”小狗苦恼：“那为什么它总是对我叫不应声？”
28	为什么火箭和鱼不玩捉迷藏？因为火箭总是飞得太高，鱼根本找不到它！
29	有一天，宇航员在太空吃面条，结果面条飘起来了。他怒喊：“你们怎么不听指挥，快回来！”面条却回答：“我们也想自由飞翔啊！”
30	有一天，我在图书馆查找行星的资料，结果找到了“火星”那本书。旁边的小朋友问我：“火星上有外星人吗？”我笑着说：“没有，那里只有图书馆的罚款！”
